{"n":240,"enMean":0.305,"zhMean":0.324,"deltaMean":0.019,"deltaMedian":0.019,"fracZhLower":0.408,"hist":{"edges":[-0.5,-0.45,-0.4,-0.35,-0.3,-0.25,-0.2,-0.15000000000000002,-0.09999999999999998,-0.04999999999999999,0.0,0.050000000000000044,0.09999999999999998,0.15000000000000002,0.19999999999999996,0.25,0.30000000000000004,0.35,0.4,0.44999999999999996,0.5],"counts":[0,0,0,0,0,0,2,8,20,68,67,46,22,7,0,0,0,0,0,0]}}