{
 "n_records_clean": 5256,
 "n_records_error": 0,
 "floor_short_gold": 0.199,
 "tiers": {
  "gold": {
   "n": 20,
   "mean": 0.3191875,
   "ci95": [
    0.28057638888888886,
    0.3623472222222222
   ],
   "median": 0.3032638888888889,
   "sd": 0.095163032909856,
   "min": 0.20944444444444443,
   "max": 0.5891666666666666,
   "n_above_floor": 20,
   "mean_refusal": 0.44583333333333336,
   "within_tier_score_r2": 0.11423914705634786,
   "within_tier_spearman": 0.13538925365125223
  },
  "silver": {
   "n": 34,
   "mean": 0.1804983660130719,
   "ci95": [
    0.1600653594771242,
    0.20416666666666666
   ],
   "median": 0.16944444444444445,
   "sd": 0.06535217765364038,
   "min": 0.06333333333333334,
   "max": 0.425,
   "n_above_floor": 8,
   "mean_refusal": 0.5637254901960784,
   "within_tier_score_r2": 0.036067422023808304,
   "within_tier_spearman": 0.18990075791160313
  },
  "bronze": {
   "n": 49,
   "mean": 0.16532312925170067,
   "ci95": [
    0.15226190476190476,
    0.17944444444444443
   ],
   "median": 0.16166666666666665,
   "sd": 0.049887777447650744,
   "min": 0.0775,
   "max": 0.35333333333333333,
   "n_above_floor": 8,
   "mean_refusal": 0.6071428571428571,
   "within_tier_score_r2": 0.06538338705944813,
   "within_tier_spearman": 0.29897795679119976
  }
 },
 "kruskal": {
  "H": 39.29187465314726,
  "p": 2.845526669847942e-08
 },
 "mw_gold_vs_silver": {
  "p": 1.955016464272319e-07,
  "cliffs_delta": 0.8544117647058823
 },
 "mw_silver_vs_bronze": {
  "p": 0.24517995183904362,
  "cliffs_delta": 0.15066026410564226
 },
 "mw_gold_vs_bronze": {
  "p": 2.4474395843299135e-09,
  "cliffs_delta": 0.9204081632653062
 },
 "dose_response_all": {
  "ols_slope_per_100pts": 0.05571984881596099,
  "r2": 0.3968242967838763,
  "spearman": 0.5587103723570125
 },
 "by_grade": {
  "\u9ad8\u4e8c": {
   "n": 77,
   "mean": 0.20202020202020202
  },
  "\u521d\u4e09": {
   "n": 3,
   "mean": 0.1900462962962963
  },
  "\u9ad8\u4e00": {
   "n": 21,
   "mean": 0.18845238095238095
  },
  "\u521d\u4e8c": {
   "n": 1,
   "mean": 0.425
  },
  "\u9ad8\u4e09": {
   "n": 1,
   "mean": 0.11333333333333333
  }
 },
 "by_gender": {
  "\u7537": {
   "n": 93,
   "mean": 0.20412335722819594
  },
  "\u5973": {
   "n": 10,
   "mean": 0.16380555555555557
  }
 },
 "anchor": {
  "n": 63,
  "spearman": 0.9146855161650909,
  "mean_shift": -0.006100970017636685
 },
 "bojie_triple": {
  "noi_b_li_bojie_2009": {
   "namerank": 0.35333333333333333,
   "released": null
  },
  "msra_bojie_li_2017": {
   "namerank": 0.4136111111111111,
   "released": 0.3865
  },
  "bojie_li": {
   "namerank": 0.11777777777777777,
   "released": 0.0901
  }
 }
}