{
  "n_entities": 5719,
  "spearman_matrix": {
    "nr_mult_x_nr_mult": 1.0,
    "nr_mult_x_nr_add": 0.9550182229493585,
    "nr_mult_x_nr_cov": 0.9844132502513367,
    "nr_mult_x_nr_acc": 0.8145091796545494,
    "nr_mult_x_nr_emb": 0.7500987383425243,
    "nr_add_x_nr_mult": 0.9550182229493585,
    "nr_add_x_nr_add": 1.0,
    "nr_add_x_nr_cov": 0.9494623598058477,
    "nr_add_x_nr_acc": 0.9300906743901295,
    "nr_add_x_nr_emb": 0.7444712246837469,
    "nr_cov_x_nr_mult": 0.9844132502513367,
    "nr_cov_x_nr_add": 0.9494623598058477,
    "nr_cov_x_nr_cov": 1.0,
    "nr_cov_x_nr_acc": 0.784679568165911,
    "nr_cov_x_nr_emb": 0.7244818841492876,
    "nr_acc_x_nr_mult": 0.8145091796545494,
    "nr_acc_x_nr_add": 0.9300906743901295,
    "nr_acc_x_nr_cov": 0.784679568165911,
    "nr_acc_x_nr_acc": 1.0,
    "nr_acc_x_nr_emb": 0.7177845400138976,
    "nr_emb_x_nr_mult": 0.7500987383425243,
    "nr_emb_x_nr_add": 0.7444712246837469,
    "nr_emb_x_nr_cov": 0.7244818841492876,
    "nr_emb_x_nr_acc": 0.7177845400138976,
    "nr_emb_x_nr_emb": 1.0
  },
  "pearson_matrix": {
    "nr_mult_x_nr_mult": 1.0,
    "nr_mult_x_nr_add": 0.949488900811791,
    "nr_mult_x_nr_cov": 0.9820518387291016,
    "nr_mult_x_nr_acc": 0.8343776024048633,
    "nr_mult_x_nr_emb": 0.7264536149757967,
    "nr_add_x_nr_mult": 0.949488900811791,
    "nr_add_x_nr_add": 1.0,
    "nr_add_x_nr_cov": 0.9406418450536922,
    "nr_add_x_nr_acc": 0.9579453866100337,
    "nr_add_x_nr_emb": 0.7468087716837468,
    "nr_cov_x_nr_mult": 0.9820518387291016,
    "nr_cov_x_nr_add": 0.9406418450536922,
    "nr_cov_x_nr_cov": 1.0,
    "nr_cov_x_nr_acc": 0.80369225208308,
    "nr_cov_x_nr_emb": 0.6857542892646533,
    "nr_acc_x_nr_mult": 0.8343776024048633,
    "nr_acc_x_nr_add": 0.9579453866100337,
    "nr_acc_x_nr_cov": 0.80369225208308,
    "nr_acc_x_nr_acc": 1.0,
    "nr_acc_x_nr_emb": 0.7295426200769247,
    "nr_emb_x_nr_mult": 0.7264536149757967,
    "nr_emb_x_nr_add": 0.7468087716837468,
    "nr_emb_x_nr_cov": 0.6857542892646533,
    "nr_emb_x_nr_acc": 0.7295426200769247,
    "nr_emb_x_nr_emb": 1.0
  },
  "top_overcredited_by_cov_only": [
    {
      "entity_name": "Will Y. Zou",
      "cohort": "long_tail_researcher_openalex",
      "nr_mult": 0.3703,
      "nr_cov": 0.3703,
      "delta_rank": 504
    },
    {
      "entity_name": "Carlijn J. M. Wibbelink",
      "cohort": "long_tail_researcher_openalex",
      "nr_mult": 0.3716,
      "nr_cov": 0.3716,
      "delta_rank": 499
    },
    {
      "entity_name": "Core ML",
      "cohort": "oss_project",
      "nr_mult": 0.3954,
      "nr_cov": 0.3954,
      "delta_rank": 498
    },
    {
      "entity_name": "Daniil Stroyakovskiy",
      "cohort": "long_tail_researcher_openalex",
      "nr_mult": 0.373,
      "nr_cov": 0.373,
      "delta_rank": 498
    },
    {
      "entity_name": "Jiaxin Shi",
      "cohort": "msra_phd_fellowship",
      "nr_mult": 0.3784,
      "nr_cov": 0.3784,
      "delta_rank": 495
    },
    {
      "entity_name": "Himanshu Jain",
      "cohort": "long_tail_researcher_openalex",
      "nr_mult": 0.3973,
      "nr_cov": 0.3973,
      "delta_rank": 495
    },
    {
      "entity_name": "Dong Chen",
      "cohort": "msra_phd_fellowship",
      "nr_mult": 0.3865,
      "nr_cov": 0.3865,
      "delta_rank": 494
    },
    {
      "entity_name": "Diffusers",
      "cohort": "oss_project",
      "nr_mult": 0.373,
      "nr_cov": 0.373,
      "delta_rank": 494
    },
    {
      "entity_name": "Kun Zhou",
      "cohort": "msra_phd_fellowship",
      "nr_mult": 0.3865,
      "nr_cov": 0.3865,
      "delta_rank": 492
    },
    {
      "entity_name": "Jiwan Ge",
      "cohort": "long_tail_researcher_openalex",
      "nr_mult": 0.377,
      "nr_cov": 0.377,
      "delta_rank": 492
    },
    {
      "entity_name": "Zhe Yang",
      "cohort": "long_tail_researcher_openalex",
      "nr_mult": 0.3797,
      "nr_cov": 0.3797,
      "delta_rank": 492
    },
    {
      "entity_name": "Kem Z.K. Zhang",
      "cohort": "long_tail_researcher_openalex",
      "nr_mult": 0.3865,
      "nr_cov": 0.3865,
      "delta_rank": 492
    },
    {
      "entity_name": "Shuo-Hung Chen",
      "cohort": "msra_phd_fellowship",
      "nr_mult": 0.3797,
      "nr_cov": 0.3797,
      "delta_rank": 491
    },
    {
      "entity_name": "Zizhao Zhang",
      "cohort": "msra_phd_fellowship",
      "nr_mult": 0.3676,
      "nr_cov": 0.3676,
      "delta_rank": 490
    },
    {
      "entity_name": "Zhong Yin",
      "cohort": "long_tail_researcher_openalex",
      "nr_mult": 0.3932,
      "nr_cov": 0.3932,
      "delta_rank": 490
    },
    {
      "entity_name": "Rui Ma",
      "cohort": "long_tail_researcher_openalex",
      "nr_mult": 0.3662,
      "nr_cov": 0.3662,
      "delta_rank": 489
    },
    {
      "entity_name": "Shahidan M. Abdullah",
      "cohort": "long_tail_researcher_openalex",
      "nr_mult": 0.3662,
      "nr_cov": 0.3662,
      "delta_rank": 489
    },
    {
      "entity_name": "Wu Zhou",
      "cohort": "long_tail_researcher_openalex",
      "nr_mult": 0.3641,
      "nr_cov": 0.3641,
      "delta_rank": 488
    },
    {
      "entity_name": "MIT 6.001",
      "cohort": "mid_tier_online_course",
      "nr_mult": 0.3792,
      "nr_cov": 0.3792,
      "delta_rank": 487
    },
    {
      "entity_name": "Henrik Lehrmann Christiansen",
      "cohort": "long_tail_researcher_openalex",
      "nr_mult": 0.3622,
      "nr_cov": 0.3622,
      "delta_rank": 486
    }
  ],
  "cohort_movers": [
    {
      "cohort": "mid_tier_athlete",
      "n": 134,
      "nr_mult": 0.4768,
      "nr_cov": 0.6106,
      "delta_rank": -9
    },
    {
      "cohort": "mid_tier_actor",
      "n": 123,
      "nr_mult": 0.536,
      "nr_cov": 0.6587,
      "delta_rank": -8
    },
    {
      "cohort": "named_method",
      "n": 73,
      "nr_mult": 0.557,
      "nr_cov": 0.567,
      "delta_rank": 6
    },
    {
      "cohort": "oss_project",
      "n": 184,
      "nr_mult": 0.5187,
      "nr_cov": 0.5297,
      "delta_rank": 5
    },
    {
      "cohort": "mid_tier_vc",
      "n": 31,
      "nr_mult": 0.4018,
      "nr_cov": 0.4847,
      "delta_rank": -5
    },
    {
      "cohort": "mid_tier_musician",
      "n": 64,
      "nr_mult": 0.6923,
      "nr_cov": 0.8081,
      "delta_rank": -5
    },
    {
      "cohort": "industry_product",
      "n": 9,
      "nr_mult": 0.5897,
      "nr_cov": 0.5997,
      "delta_rank": 4
    },
    {
      "cohort": "research_paper",
      "n": 298,
      "nr_mult": 0.6253,
      "nr_cov": 0.6507,
      "delta_rank": 4
    },
    {
      "cohort": "mid_tier_comedian",
      "n": 46,
      "nr_mult": 0.6319,
      "nr_cov": 0.7676,
      "delta_rank": -4
    },
    {
      "cohort": "noi_china_gold",
      "n": 29,
      "nr_mult": 0.3675,
      "nr_cov": 0.3918,
      "delta_rank": 3
    },
    {
      "cohort": "conference",
      "n": 30,
      "nr_mult": 0.6102,
      "nr_cov": 0.6228,
      "delta_rank": 3
    },
    {
      "cohort": "programming_language",
      "n": 29,
      "nr_mult": 0.7795,
      "nr_cov": 0.7889,
      "delta_rank": 3
    },
    {
      "cohort": "mid_tier_writer",
      "n": 194,
      "nr_mult": 0.5186,
      "nr_cov": 0.6032,
      "delta_rank": -3
    },
    {
      "cohort": "mid_tier_politician",
      "n": 103,
      "nr_mult": 0.3555,
      "nr_cov": 0.4165,
      "delta_rank": -3
    },
    {
      "cohort": "mid_tier_online_course",
      "n": 40,
      "nr_mult": 0.434,
      "nr_cov": 0.4488,
      "delta_rank": 3
    }
  ]
}